,name,link,price,description,date_collected,image_link,in_stock,details
0,Mâcon-Loche 2018 Clos des Rocs,https://www.kingscountywines.com/macon-loche-2018-clos-des-rocs.html,19.99,Minerally Mâcon chardonnay. Not oaky mom-wine. Pretty great.,2020-03-31 12:07:48.337073,https://cdn.shoplightspeed.com/shops/603808/files/17597153/macon-loche-2018-clos-des-rocs.jpg,In stock,null
1,"Riesling ""Sussenberg"" 2015 Bechtold",https://www.kingscountywines.com/riesling-sussenberg-2015-bechtold.html,27.99,"Saline minerality, pears and apples. Ageworthy Alsatian Riesling.",2020-03-31 12:07:48.747716,https://cdn.shoplightspeed.com/shops/603808/files/17597207/riesling-sussenberg-2015-bechtold.jpg,In stock,null
2,Zweigelt 2016 Bauer,https://www.kingscountywines.com/zweigelt-2016-bauer.html,14.99,"Pepper, blood, syrah-like. It's a hit.",2020-03-31 12:07:49.258490,https://cdn.shoplightspeed.com/shops/603808/files/17504621/zweigelt-2016-bauer.jpg,In stock,null
3,Rioja VS Tinto 2015 Vinos Subterraneos,https://www.kingscountywines.com/rioja-vs-tinto-2015-vinos-subterraneos.html,32.99,"Vanilla-scented, deeply fruited, old-school Rioja.",2020-03-31 12:07:49.769619,https://cdn.shoplightspeed.com/shops/603808/files/17597541/rioja-vs-tinto-2015-vinos-subterraneos.jpg,In stock,null
4,Chardonnay 2017 Gundlach Bundschu,https://www.kingscountywines.com/chardonnay-2017-gundlach-bundschu.html,24.99,Venerable Sonoma producer. Just the right buttery kiss of oak. Hits the spot.,2020-03-31 12:07:50.486361,https://cdn.shoplightspeed.com/shops/603808/files/17597528/chardonnay-2017-gundlach-bundschu.jpg,In stock,null
5,Vernaccia di Oristano 2014 Contini,https://www.kingscountywines.com/vernaccia-di-oristano-2014-contini.html,29.99,Peculiar orange/sherry hybrid. Soft & nutty.,2020-03-31 12:07:51.350080,https://cdn.shoplightspeed.com/shops/603808/files/17597504/vernaccia-di-oristano-2014-contini.jpg,In stock,null
6,Costa delle Sesia Uvaggio 2015 Sperino,https://www.kingscountywines.com/costa-delle-sesia-uvaggio-2016-sperino.html,32.99,"Ethereal nebbiolo, satisfyingly meaty, from Piedmont's north.",2020-03-31 12:07:51.819908,https://cdn.shoplightspeed.com/shops/603808/files/17597512/costa-delle-sesia-uvaggio-2015-sperino.jpg,In stock,null
7,Refošk Baracija 2017 Clai Wines,https://www.kingscountywines.com/refosk-baracija-2017-clai-wines.html,24.99,"Structured & supple. Deep blackberry, a whiff of woody herbs. Obsessed.",2020-03-31 12:07:52.821027,https://cdn.shoplightspeed.com/shops/603808/files/17199411/refosk-baracija-2017-clai-wines.jpg,In stock,null
8,Piccolo Derthona 2017 Terralba,https://www.kingscountywines.com/piccolo-derthona-2017-terralba.html,19.99,"100% Timorasso, hand-made in the hills of eastern Piedmont. Real good!",2020-03-31 12:07:53.267252,https://cdn.shoplightspeed.com/shops/603808/files/17199865/piccolo-derthona-2017-terralba.jpg,In stock,null
9,Sauvignon Blanc/Macabeo 2018 Realce,https://www.kingscountywines.com/sauvignon-blanc-macabeo-2018-realce.html,10.99,"A peachy, fleshy, salty thing! Dry, delicious, fresh.",2020-03-31 12:07:54.072097,https://cdn.shoplightspeed.com/shops/603808/files/17746570/sauvignon-blanc-macabeo-2018-realce.jpg,In stock,null
10,Pinot Noir Schlittweg 2018 François Baur,https://www.kingscountywines.com/pinot-noir-schlittweg-2018-francois-baur.html,23.99,Alsatian pinot noir is the next big thing. Find out why.,2020-03-31 12:07:54.581492,https://cdn.shoplightspeed.com/shops/603808/files/16968561/pinot-noir-schlittweg-2018-francois-baur.jpg,In stock,null
11,Catarratto L'Isola del Satiro 2018 Alcesti,https://www.kingscountywines.com/catarratto-2013-la-isola-dei-profumi-23943791.html,11.99,"Easy-gulping, fresh & fruity fun. Orange flowers & pulp. Creepy were-turtle label.",2020-03-31 12:07:55.096732,https://cdn.shoplightspeed.com/shops/603808/files/17093584/catarratto-lisola-del-satiro-2018-alcesti.jpg,In stock,null
12,Seyval-Chardo 2018 Les Pervenches,https://www.kingscountywines.com/seyval-chardo-2108-les-pervenches.html,36.99,"Crisp, clean Quebecois answer to Chablis. Round, with plenty of zingy acidity. A gem.",2020-03-31 12:07:55.649865,https://cdn.shoplightspeed.com/shops/603808/files/17093591/seyval-chardo-2018-les-pervenches.jpg,In stock,null
13,Priorat 2017 Cesca Vicent,https://www.kingscountywines.com/priorat-2017-cesca-vicent.html,20.99,"Natural, old-vines garnacha! Kaboom.",2020-03-31 12:07:56.120131,https://cdn.shoplightspeed.com/shops/603808/files/17093575/priorat-2017-cesca-vicent.jpg,In stock,null
14,Sylvaner d'Alsace 2017 Vincent Fleith,https://www.kingscountywines.com/sylvaner-dalsace-2017-vincent-fleith.html,21.99,Expressive chamomile and lychee notes. Bone-dry. Killer w/ spicy.,2020-03-31 12:07:56.836583,https://cdn.shoplightspeed.com/shops/603808/files/17093557/sylvaner-dalsace-2017-vincent-fleith.jpg,In stock,null
15,Chardonnay Hyde Vineyard 2015 Larry Hyde,https://www.kingscountywines.com/chardonnay-hyde-vineyard-2015-larry-hyde.html,66.99,The Grand Cru of Napa Carneros. Poised. Not an oak monster.,2020-03-31 12:07:57.453760,https://cdn.shoplightspeed.com/shops/603808/files/17093612/chardonnay-hyde-vineyard-2015-larry-hyde.jpg,In stock,null
16,Spatburgunder Kabinett 2017 Koehler-Ruprecht,https://www.kingscountywines.com/spatburgunder-kabinett-2017-koehler-ruprecht.html,23.99,"Ineffable, violets-growing-in-compost charmer. You'll just die.",2020-03-31 12:07:57.858823,https://cdn.shoplightspeed.com/shops/603808/files/19555644/spaetburgunder-kabinett-2017-koehler-ruprecht.jpg,In stock,null
17,Reserve Chardonnay 2015 Lemelson*,https://www.kingscountywines.com/reserve-chardonnay-2015-lemelson.html,26.99,"Cozy, serious chard from Willamette. Brisk acidity, weighty body.",2020-03-31 12:07:58.375655,https://cdn.shoplightspeed.com/shops/603808/files/16877729/reserve-chardonnay-2015-lemelson.jpg,In stock,null
18,Langhe Nebbiolo 2018 Brezza,https://www.kingscountywines.com/langhe-nebbiolo-2018-brezza.html,24.99,"Fresh, subtle nebbiolo. Fragrant, delicate, transparent, gossamer.",2020-03-31 12:07:59.497666,https://cdn.shoplightspeed.com/shops/603808/files/16877840/langhe-nebbiolo-2018-brezza.jpg,In stock,null
19,Saumur-Champigny Les Sables 2018 Chaintres,https://www.kingscountywines.com/saumur-champigny-les-sables-2018-chaintres.html,17.99,"Natural-ferment cab franc. Black pepper, freesia, nice & ripe. Yum!",2020-03-31 12:07:59.907841,https://cdn.shoplightspeed.com/shops/603808/files/16877863/saumur-champigny-les-sables-2018-chaintres.jpg,In stock,null
20,Nero d'Avola 2017 Feudo Montoni,https://www.kingscountywines.com/nero-davola-2017-feudo-montoni.html,21.99,"Mineral, cherry-candy-scented deliciousness from Sicily.",2020-03-31 12:08:00.293619,https://cdn.shoplightspeed.com/shops/603808/files/16967583/nero-davola-2017-feudo-montoni.jpg,In stock,null
21,Riesling Charta 2018 Johannishof*,https://www.kingscountywines.com/riesling-charta-2017-johannishof.html,21.99,"Dry Rheingau with red apple and grapefruit notes, only hints at sweetness.",2020-03-31 12:08:00.726577,https://cdn.shoplightspeed.com/shops/603808/files/16877713/riesling-charta-2018-johannishof.jpg,In stock,null
22,"Primitivo ""Calx"" 2018 Cantine Polvanera",https://www.kingscountywines.com/primitivo-calx-2018-cantine-polvanera.html,15.99,"Winter-weather primitivo. Rich, round, takes the frost off.",2020-03-31 12:08:01.140481,https://cdn.shoplightspeed.com/shops/603808/files/16877807/primitivo-calx-2018-cantine-polvanera.jpg,In stock,null
23,Sforzato di Valtellina 2013 Alfio Mozzi,https://www.kingscountywines.com/sforzato-di-valtellina-2013-alfio-mozzi.html,49.99,Nebbiolo vinified like Amarone. Gooey Alpine ecstasy.,2020-03-31 12:08:02.477140,https://cdn.shoplightspeed.com/shops/603808/files/16778914/sforzato-di-valtellina-2013-alfio-mozzi.jpg,In stock,null
24,Gamay Noir 2018 Sheldrake Point Winery,https://www.kingscountywines.com/gamay-noir-2016-sheldrake-point-winery.html,16.99,Exuberant gamay from a very cool appellation.,2020-03-31 12:08:03.802938,https://cdn.shoplightspeed.com/shops/603808/files/17597149/gamay-noir-2018-sheldrake-point-winery.jpg,In stock,null
25,Finger Lakes Dry Riesling 2017 Ravines,https://www.kingscountywines.com/dry-riesling-finger-lakes-2016-ravines.html,17.99,"Citrusy, with a tight mineral core.  Expertly done.  Sustainable.",2020-03-31 12:08:04.241472,https://cdn.shoplightspeed.com/shops/603808/files/13605868/finger-lakes-dry-riesling-2017-ravines.jpg,In stock,null
26,Priorat 2016 Cesca Vicent,https://www.kingscountywines.com/priorat-2016-cesca-vicent.html,20.99,"Natural, old-vines garnacha! Kaboom.",2020-03-31 12:08:04.719817,https://cdn.shoplightspeed.com/shops/603808/files/14198484/priorat-2016-cesca-vicent.jpg,Out of stock,null
27,Saint Bris 2017 Clotilde Davenne,https://www.kingscountywines.com/saint-bris-2017-clotilde-davenne.html,19.99,"Burgundy's sauvignon blanc. Fresh, minerally, generous palate.",2020-03-31 12:08:05.132359,https://cdn.shoplightspeed.com/shops/603808/files/14207636/saint-bris-2017-clotilde-davenne.jpg,In stock,null
28,Kosher Cava NV Taanug,https://www.kingscountywines.com/kosher-cava-taanug.html,16.99,"Like prosecco, but drier and from Spain.",2020-03-31 12:08:05.437054,https://cdn.shoplightspeed.com/shops/603808/files/14254356/kosher-cava-nv-taanug.jpg,In stock,null
29,"Cagnina ""Dolce Viola"" 2019 Tenuta Amalia",https://www.kingscountywines.com/cagnina-dolce-viola-2017-tenuta-amalia.html,12.99,Semi-sweet goodness.,2020-03-31 12:08:05.949759,https://cdn.shoplightspeed.com/shops/603808/files/14243034/cagnina-dolce-viola-2019-tenuta-amalia.jpg,In stock,null
30,Borealis NV Montinore,https://www.kingscountywines.com/borealis-nv-montinore.html,14.99,"Müller-Thurgau blend. Succulent, biodynamic, not too dry.",2020-03-31 12:08:07.177493,https://cdn.shoplightspeed.com/shops/603808/files/14213435/borealis-nv-montinore.jpg,In stock,null
31,Menetou-Salon Les Blanchais 2018 Pellé,https://www.kingscountywines.com/menetou-salon-les-blanches-2018-pelle.html,28.99,"Bright but creamy, single-vineyard sauvignon blanc. Out-sancerres Sancerre.",2020-03-31 12:08:08.407705,https://cdn.shoplightspeed.com/shops/603808/files/18749034/menetou-salon-les-blanchais-2018-pelle.jpg,In stock,null
32,Ventoux Rouge 2018 Domaine de Fenouillet,https://www.kingscountywines.com/ventoux-rouge-2018-dom-fenouillet.html,13.99,"Violets! Lush, aromatic Rhône staple. Need a new go-to?",2020-03-31 12:08:08.921453,https://cdn.shoplightspeed.com/shops/603808/files/18408545/ventoux-rouge-2018-domaine-de-fenouillet.jpg,In stock,null
33,"Mencia ""Fusco"" 2018 Bodegas Albamar",https://www.kingscountywines.com/mencia-fusco-2018-bodegas-albamar.html,21.99,"Iron and smoke, tangy palate. Fun lil' mencia.",2020-03-31 12:08:09.181957,https://cdn.shoplightspeed.com/shops/603808/files/18749016/mencia-fusco-2018-bodegas-albamar.jpg,In stock,null
34,"Garnacha ""Campo de Borja"" 2018 Dos Molinos",https://www.kingscountywines.com/dos-molinos-campo-de-borja-garnacha-2018.html,14.99,juicy fun cherry berry,2020-03-31 12:08:09.639478,https://cdn.shoplightspeed.com/shops/603808/files/18334159/garnacha-campo-de-borja-2018-dos-molinos.jpg,In stock,null
35,Rose 250ml (can) West + Wilder,https://www.kingscountywines.com/rose-250ml-can-west-wilder.html,5.99,"CA & WA zin, pinot noir & carignan. Bone-dry. Good bones.",2020-03-31 12:08:10.047923,https://cdn.shoplightspeed.com/shops/603808/files/18748992/rose-250ml-can-west-wilder.jpg,In stock,null
36,Krakhuna 2018 Gaioz Sopromadze,https://www.kingscountywines.com/krakhuna-2018-gaioz-sopromadze.html,29.99,"Skin-contact qvevri-fermented rare grape. Dry, with papaya & burnt marshmallow.",2020-03-31 12:08:10.493571,https://cdn.shoplightspeed.com/shops/603808/files/18408642/krakhuna-2018-gaioz-sopromadze.jpg,In stock,null
37,Chianti 2015 L'Arco,https://www.kingscountywines.com/chianti-2017-larco.html,13.99,"Lush red fruits, velvety tannins. Easy pick.",2020-03-31 12:08:11.071769,https://cdn.shoplightspeed.com/shops/603808/files/18334278/chianti-2015-larco.jpg,In stock,null
38,"Fixin ""Les Champstions"" 2016 Domaine Collotte",https://www.kingscountywines.com/fixin-les-champstions-2016-domaine-collotte.html,35.99,"Incredibly fragrant, firm tannins. Fixin, so hip right now.",2020-03-31 12:08:11.582395,https://cdn.shoplightspeed.com/shops/603808/files/18408793/fixin-les-champstions-2016-domaine-collotte.jpg,In stock,null
39,Saint-Amour À La Folie 2017 Arpaye,https://www.kingscountywines.com/saint-amour-a-la-folie-2017-arpaye.html,28.99,"Aromatic red and dark fruit, scintillating acidity, well-textured.",2020-03-31 12:08:11.994684,https://cdn.shoplightspeed.com/shops/603808/files/18334301/saint-amour-a-la-folie-2017-arpaye.jpg,In stock,null
40,Jeanue Rouge 2017 Chateau Musar,https://www.kingscountywines.com/jeanue-rouge-2017-chateau-musar.html,22.99,"15 mi. north of Beirut, natural Lebanese blend. Pepper and smoke galore.",2020-03-31 12:08:12.401756,https://cdn.shoplightspeed.com/shops/603808/files/18748865/jeanue-rouge-2017-chateau-musar.jpg,In stock,null
41,Prosecco Brut NV Collalbrigo,https://www.kingscountywines.com/prosecco-brut-nv-collalbrigo.html,13.99,DOC party juice. Party on.,2020-03-31 12:08:12.653065,https://cdn.shoplightspeed.com/shops/603808/files/18334329/prosecco-brut-nv-collalbrigo.jpg,In stock,null
42,Lambrusco Bollarossa NV Corte Manzini,https://www.kingscountywines.com/lambrusco-grasparossa-nv-corte-manzini.html,15.99,"Refreshing, berry-scented, slightly saline party juice.",2020-03-31 12:08:12.917769,https://cdn.shoplightspeed.com/shops/603808/files/18408605/lambrusco-bollarossa-nv-corte-manzini.jpg,In stock,null
43,Sauvignon Blanc 2018 Te Mata,https://www.kingscountywines.com/sauvignon-blanc-2018-te-mata.html,18.99,"All the fruit you want, with a redeeming, clean minerality. Natural.",2020-03-31 12:08:13.485143,https://cdn.shoplightspeed.com/shops/603808/files/18334518/sauvignon-blanc-2018-te-mata.jpg,In stock,null
44,Grüner Veltliner Kremstal 2017 Proidl,https://www.kingscountywines.com/gruner-veltliner-kremstal-2017-proidl.html,23.99,"Legendary producer's polished, round, fragrant white, for all the seafoods.",2020-03-31 12:08:14.167376,https://cdn.shoplightspeed.com/shops/603808/files/18334579/gruener-veltliner-kremstal-2017-proidl.jpg,In stock,null
45,Ribera del Duero 2018 Torremorón,https://www.kingscountywines.com/ribera-del-duero-2018-torremoron.html,15.99,"Unoaked 100% tempranillo. Cozy, concentrated, scratch that itch.",2020-03-31 12:08:14.892484,https://cdn.shoplightspeed.com/shops/603808/files/18334611/ribera-del-duero-2018-torremoron.jpg,In stock,null
46,Sauvignon Blanc 2019 Kobal,https://www.kingscountywines.com/sauvignon-blanc-2019-kobal.html,15.99,"Slovenia makes sauvignon blanc amazing. Minty, pretty, mineral.",2020-03-31 12:08:15.608897,https://cdn.shoplightspeed.com/shops/603808/files/18315252/sauvignon-blanc-2019-kobal.jpg,In stock,null
47,Rot & Rosa NV Quantum Winery,https://www.kingscountywines.com/rot-rosa-nv-quantum-winery.html,23.99,"Solera rosé & red blend (I know, right?) of portuguiser & blauburgunder. Gulpable.",2020-03-31 12:08:16.331675,https://cdn.shoplightspeed.com/shops/603808/files/18334664/rot-rosa-nv-quantum-winery.jpg,In stock,null
48,Autour du Pigeonnier 2016 Benoît Roseau,https://www.kingscountywines.com/autour-du-pigeonnier-2016-benoit-roseau.html,18.99,Fresh & clean marsanne. Nutty & charming.,2020-03-31 12:08:17.060718,https://cdn.shoplightspeed.com/shops/603808/files/18334805/autour-du-pigeonnier-2016-benoit-roseau.jpg,In stock,null
49,Rose 3L NV From the Tank,https://www.kingscountywines.com/rose-3l-nv-from-the-tank.html,29.99,Old-vine grenache rosé in a big box.,2020-03-31 12:08:17.585371,https://cdn.shoplightspeed.com/shops/603808/files/18335477/rose-3l-nv-from-the-tank.jpg,In stock,null
50,Pet-Nat Orbis Moderandi 2019 OCD,https://www.kingscountywines.com/pet-nat-orbis-moderandi-2019-ocd.html,16.99,"Fizzy, grapefruity sauvignon blanc. Plenty of sediment, like you like.",2020-03-31 12:08:18.035381,https://cdn.shoplightspeed.com/shops/603808/files/18335348/pet-nat-orbis-moderandi-2019-ocd.jpg,In stock,null
51,Nardo Rosso Roccamora 2016 Schola Sarmenti,https://www.kingscountywines.com/nardo-rosso-roccamora-2016-schola-sarmenti.html,19.99,"Negroamaro from Puglia's Salento Peninsula. Raisiny, savory, a little floral. Classic.",2020-03-31 12:08:18.545825,https://cdn.shoplightspeed.com/shops/603808/files/18335289/nardo-rosso-roccamora-2016-schola-sarmenti.jpg,In stock,null
52,Champagne Extra Brut NV Besserat de Bellefon,https://www.kingscountywines.com/champagne-extra-brut-nv-cuvee-des-moines-besserat.html,54.99,"Evolved, super-dry, long-finished stunner. Made for food.",2020-03-31 12:08:18.956816,https://cdn.shoplightspeed.com/shops/603808/files/18335432/champagne-extra-brut-nv-cuvee-des-moines-besserat.jpg,In stock,null
53,"Minervois Blanc ""Champ du Roy"" 2018 Coupe-Roses",https://www.kingscountywines.com/minervois-champ-du-roy-2018-coupe-roses.html,17.99,"Green apple, ripe pear, some sort of springwater thing. Totally awesome.",2020-03-31 12:08:19.365229,https://cdn.shoplightspeed.com/shops/603808/files/18408551/minervois-blanc-champ-du-roy-2018-coupe-roses.jpg,In stock,null
54,Imereti 2018 Amiran's Wine Cellar,https://www.kingscountywines.com/imereti-2018-amirans-wine-cellar.html,28.99,Three Georgian varieties vinified in amphora with extended skin contact. Orange.,2020-03-31 12:08:19.776925,https://cdn.shoplightspeed.com/shops/603808/files/17875113/imereti-2018-amirans-wine-cellar.jpg,In stock,null
55,Sparkling Rose (can) 250ml West + Wilder,https://www.kingscountywines.com/sparkling-rose-can-250ml-west-wilder.html,5.99,"Crisp, fresh, & bubbly. Have a cute little party.",2020-03-31 12:08:20.526818,https://cdn.shoplightspeed.com/shops/603808/files/13516455/sparkling-rose-can-250ml-west-wilder.jpg,In stock,null
56,"Minervois ""La Bastide"" 2018 Coupe-Roses",https://www.kingscountywines.com/minervois-la-bastide-2018-coupe-roses.html,14.99,"Carignan+grenache. All-solar, minimal SO2, legendary producer.",2020-03-31 12:08:21.005269,https://cdn.shoplightspeed.com/shops/603808/files/16665347/minervois-la-bastide-2018-coupe-roses.jpg,In stock,null
57,Cinsault 2017 Turbigo,https://www.kingscountywines.com/cinsault-2017-turbigo.html,24.99,Made in Paris! Grown in the Rhône. 100% Cinsault. Vive la France!,2020-03-31 12:08:21.414806,https://cdn.shoplightspeed.com/shops/603808/files/13516498/cinsault-2017-turbigo.jpg,In stock,null
58,Meursault Les Narvaux 2017 Chavy-Chouet,https://www.kingscountywines.com/meursault-les-narvaux-2017-chavy-chouet.html,74.99,"Delicate, mineral, creamy, bright, nutty, long. Perfect.",2020-03-31 12:08:22.032438,https://cdn.shoplightspeed.com/shops/603808/files/13613423/meursault-les-narvaux-2017-chavy-chouet.jpg,In stock,null
59,Kosher Brut NV Backsberg,https://www.kingscountywines.com/kosher-brut-nv-backsberg.html,28.99,"Champagne grapes (chardonnay & pinot noir), Champagne method. Moussy.",2020-03-31 12:08:22.292409,https://cdn.shoplightspeed.com/shops/603808/files/13022892/kosher-brut-nv-backsberg.jpg,In stock,null
60,Riesling Watervale 2018 Koerner,https://www.kingscountywines.com/riesling-watervale-2018-koerner.html,25.99,"Biodynamic, lees-aged, full-throttle dry riesling. Astonishing.",2020-03-31 12:08:23.085462,https://cdn.shoplightspeed.com/shops/603808/files/13023685/riesling-watervale-2018-koerner.jpg,In stock,null
61,Costières de Nîmes 2017 Mary Taylor,https://www.kingscountywines.com/costieres-de-nimes-2017-mary-taylor.html,17.99,"Fresh, deep fruit with plush tannins. American lady-made in France.",2020-03-31 12:08:23.563387,https://cdn.shoplightspeed.com/shops/603808/files/13023397/costieres-de-nimes-2017-mary-taylor.jpg,In stock,null
62,Pagliaro Sagrantino Secco di Montefalco 2012 Paolo Bea,https://www.kingscountywines.com/pagliaro-sagrantino-secco-di-montefalco-2012-paolo.html,99.99,null,2020-03-31 12:08:24.023112,https://cdn.shoplightspeed.com/shops/603808/files/13022333/pagliaro-sagrantino-secco-di-montefalco-2012-paolo.jpg,null,null
63,Riesling Extreme Trocken Palmberg 2017 Stein,https://www.kingscountywines.com/riesling-extreme-trocken-palmberg-2017-stein.html,29.99,"Bone-dry, delicately floral, brown-sugar-scented stunner. Wunderbar.",2020-03-31 12:08:24.383022,https://cdn.shoplightspeed.com/shops/603808/files/13516483/riesling-extreme-trocken-palmberg-2017-stein.jpg,In stock,null
64,Pinot Blanc Estate 2018 Rebholz,https://www.kingscountywines.com/pinot-blanc-estate-dry-2017-rebholz.html,23.99,"Biodynamic, saline, honeydew-scented and blazingly dry. Exciting!",2020-03-31 12:08:24.678370,https://cdn.shoplightspeed.com/shops/603808/files/13023620/pinot-blanc-estate-2018-rebholz.jpg,In stock,null
65,Montepulciano d'Abruzzo 2018 Coste di Brenta,https://www.kingscountywines.com/montepulciano-dabruzzo-2017-coste-di-brenta.html,12.99,"Perfect party blaster, or on your dinner table, or for anything. Drink it.",2020-03-31 12:08:25.098353,https://cdn.shoplightspeed.com/shops/603808/files/14236356/montepulciano-dabruzzo-2018-coste-di-brenta.jpg,In stock,null
66,Vino Rosso 2018 Manzone Fratelli,https://www.kingscountywines.com/vino-rosso-2016-manzone-fratelli.html,15.99,"Delicate, smoky, and fresh. Nebbiolo & dolcetto, a taste of Piedmont.",2020-03-31 12:08:25.509405,https://cdn.shoplightspeed.com/shops/603808/files/13033293/vino-rosso-2018-manzone-fratelli.jpg,In stock,null
67,Frico Frizzante 250ml NV Scarpetta,https://www.kingscountywines.com/copy-of-frico-frizzante-187ml-nv-scarpetta.html,3.99,"Declassified prosecco in a can, from a legit producer in the Veneto. Salute!",2020-03-31 12:08:26.125327,https://cdn.shoplightspeed.com/shops/603808/files/12923728/frico-frizzante-250ml-nv-scarpetta.jpg,In stock,null
68,"Pinot Noir ""La Belouse"" 2017 L'Echelette",https://www.kingscountywines.com/pinot-noir-la-belouse-2017-lechelette.html,19.99,Well-made Burgundy you can afford! We found it!,2020-03-31 12:08:26.433134,https://cdn.shoplightspeed.com/shops/603808/files/14088189/pinot-noir-la-belouse-2017-lechelette.jpg,In stock,null
69,Chardonnay 2015 Brittan Vineyards,https://www.kingscountywines.com/chardonnay-2015-brittan-vineyards.html,43.99,"The Willamette Valley's best white Burgundy. Structured, mineral, complex.",2020-03-31 12:08:26.943720,https://cdn.shoplightspeed.com/shops/603808/files/12887438/chardonnay-2015-brittan-vineyards.jpg,In stock,null
70,Brunello di Montalcino 1.5L 2013 Il Palazzone,https://www.kingscountywines.com/brunello-di-montalcino-15l-2013-il-palazzone.html,178.99,"Small, family estate Brunello. Impeccably smooth sangiovese.",2020-03-31 12:08:27.193453,https://cdn.shoplightspeed.com/shops/603808/files/14217467/brunello-di-montalcino-15l-2013-il-palazzone.jpg,Out of stock,null
71,Riesling Kaefferkopf 1.5L 2016 Schoech,https://www.kingscountywines.com/riesling-grand-cru-kaefferkopf-15l-2016-schoech.html,74.99,"Perfect Alsatian dry riesling, for Chinatown Christmas Eve. Dignify dim sum.",2020-03-31 12:08:27.734966,https://cdn.shoplightspeed.com/shops/603808/files/14217351/riesling-kaefferkopf-15l-2016-schoech.jpg,Out of stock,null
72,Bandol Rouge 1.5L 2011 Châteaux Pradeaux,https://www.kingscountywines.com/bandol-rouge-15l-2011-chateaux-pradeaux.html,82.99,"Harmonious, animal, meaty, polished smooth mourvèdre. Glory.",2020-03-31 12:08:28.003572,https://cdn.shoplightspeed.com/shops/603808/files/13122989/bandol-rouge-15l-2011-chateaux-pradeaux.jpg,Out of stock,null
73,Chablis Les Preuses 2007 Clotilde Davenne,https://www.kingscountywines.com/chablis-gr-cru-les-preuses-2007-clotilde-davenne.html,109.99,"No oak, 12 years old, Grand Freakin Cru. Subtle and harmonious.",2020-03-31 12:08:28.479648,https://cdn.shoplightspeed.com/shops/603808/files/14243762/chablis-les-preuses-2007-clotilde-davenne.jpg,Out of stock,null
74,Moschofilero Fteri 2017 Troupis Winery,https://www.kingscountywines.com/moschofilero-fteri-2017-troupis-winery.html,16.99,Peloponnese white. Textured & floral with citron notes. Obsessed.,2020-03-31 12:08:29.028220,https://cdn.shoplightspeed.com/shops/603808/files/12923429/moschofilero-fteri-2017-troupis-winery.jpg,In stock,null
75,Beerenauslese 500mL 2015 Proidl,https://www.kingscountywines.com/riesling-beerenauslesen-500ml-2015-proidl.html,62.99,"Botrytised riesling. Noble, rich, complex, rightfully famous.",2020-03-31 12:08:29.504212,https://cdn.shoplightspeed.com/shops/603808/files/13613539/beerenauslese-500ml-2015-proidl.jpg,In stock,null
76,White Blend 2019 Bloem,https://www.kingscountywines.com/white-blend-2018-bloem.html,10.99,"Crisp, earthy blend of citrus blossom and stone fruit from the Cape Floral Kingdom.",2020-03-31 12:08:29.914877,https://cdn.shoplightspeed.com/shops/603808/files/12923669/white-blend-2019-bloem.jpg,In stock,null
77,"Cab Sauv ""Super Cali"" Vogelzang 2013 CCGP",https://www.kingscountywines.com/cabernet-sauvignon-super-cali-vogelzang-2013-ccgp.html,99.99,"Wild-yeast, extreme-maceration, long-elevage, subtle, complex beaut.",2020-03-31 12:08:30.322618,https://cdn.shoplightspeed.com/shops/603808/files/19555752/cabernet-sauvignon-super-cali-vogelzang-2013-ccgp.jpg,In stock,null
78,"Aloxe Corton ""Les Citernes"" 2015 Bidault",https://www.kingscountywines.com/les-citernes-2015-bidault.html,59.99,null,2020-03-31 12:08:30.733658,https://cdn.shoplightspeed.com/shops/603808/files/14234960/aloxe-corton-les-citernes-2015-bidault.jpg,null,null
79,Langhe Nebbiolo 2017 Fratelli,https://www.kingscountywines.com/langhe-nebbiolo-2017-fratelli.html,16.99,"A ripe, fleshy nebby for a song. Tra la la.",2020-03-31 12:08:31.858975,https://cdn.shoplightspeed.com/shops/603808/files/19554094/langhe-nebbiolo-2017-fratelli.jpg,In stock,null
80,Nebbiolo Agamium 2017 Cantalupo,https://www.kingscountywines.com/nebbiolo-agamium-2017-cantalupo.html,19.99,"OG benchmark Ghemme producer's affordable, ripe, round nebb.",2020-03-31 12:08:32.883688,https://cdn.shoplightspeed.com/shops/603808/files/19553577/nebbiolo-agamium-2017-cantalupo.jpg,In stock,null
81,L'Effet Papillon Blanc 2019 Roc des Anges,https://www.kingscountywines.com/leffet-papillon-blanc-2019-roc-des-anges.html,15.99,"Grenache blanc from Côtes du Roussillon. Delicately walnutty, peachy, dry.",2020-03-31 12:08:33.270554,https://cdn.shoplightspeed.com/shops/603808/files/19553500/leffet-papillon-blanc-2019-roc-des-anges.jpg,In stock,null
82,H-C-de-B Blanc 2017 Rouges-Queues,https://www.kingscountywines.com/hautes-cotes-de-beaune-blanc-2017-rouges-queues.html,34.99,Biodynamic white burg. A unanimous staff favorite.,2020-03-31 12:08:33.609896,https://cdn.shoplightspeed.com/shops/603808/files/19554565/haute-cotes-de-beaune-blanc-2017-rouges-queues.jpg,In stock,null
83,Sauvignon Blanc 3L 2019 Jacques Florent,https://www.kingscountywines.com/sauvignon-blanc-3l-2017-jacques-florent-26142007.html,29.99,"Fresh, clean sauvignon blanc in a really big can. Tubular!",2020-03-31 12:08:33.993141,https://cdn.shoplightspeed.com/shops/603808/files/19313323/sauvignon-blanc-3l-2019-jacques-florent.jpg,In stock,null
84,Rose 3L 2019 Jacques Florent,https://www.kingscountywines.com/rose-3l-2019-jacques-florent.html,29.99,"Dry, summer-camp rose in a cylinder. Take it windsurfing.",2020-03-31 12:08:34.258138,https://cdn.shoplightspeed.com/shops/603808/files/19556868/rose-3l-2019-jacques-florent.jpg,In stock,null
85,Rose 3L 2019 Herisson,https://www.kingscountywines.com/rose-3l-2019-herisson.html,29.99,Carignan rose from Corbières. Drinks like a dream. Dry.,2020-03-31 12:08:34.557024,https://cdn.shoplightspeed.com/shops/603808/files/19104795/rose-3l-2019-herisson.jpg,In stock,null
86,Silvaner Vulkan 2018 Helmut Dolde,https://www.kingscountywines.com/sylvaner-vulkan-2018-helmut-dolde.html,25.99,"Dry, rich, volcanic-soil, pineapple-scented amazement.",2020-03-31 12:08:35.136927,https://cdn.shoplightspeed.com/shops/603808/files/19313108/silvaner-vulkan-2018-helmut-dolde.jpg,In stock,null
87,Rose 2019 Upwell,https://www.kingscountywines.com/rose-2019-upwell.html,15.99,"Mourvèdre, chenin, riesling; makes no sense! Spicy, dry, pale, exciting.",2020-03-31 12:08:35.537169,https://cdn.shoplightspeed.com/shops/603808/files/18835867/rose-2019-upwell.jpg,In stock,null
88,St. Laurent Dorflagen 2017 Schodl,https://www.kingscountywines.com/st-laurent-dorflagen-2017-schodl.html,18.99,"Regional specialty grape. Plum, tomato leaf, pepper. Crushable.",2020-03-31 12:08:36.054361,https://cdn.shoplightspeed.com/shops/603808/files/19554273/st-laurent-dorflagen-2017-schoedl.jpg,In stock,null
89,Rose Cotes de Provence 2019 Gassier,https://www.kingscountywines.com/rose-esprit-gassier-cdp-2019-gassier.html,21.99,"Ample tropical fruit. Super-pale, bone-dry Provence plaisir.",2020-03-31 12:08:36.567776,https://cdn.shoplightspeed.com/shops/603808/files/19557695/rose-cotes-de-provence-2019-esprit-gassier.jpg,In stock,null
90,Grolleau 2018 Domaine de Montgilet,https://www.kingscountywines.com/grolleau-2018-domaine-de-montgilet.html,16.99,"Fresh, light, peppery refreshment. Chill it a little. Pretty excellent.",2020-03-31 12:08:36.977473,https://cdn.shoplightspeed.com/shops/603808/files/19313117/grolleau-2018-domaine-de-montgilet.jpg,In stock,null
91,Blanc 3L Pouch 2019 VRAC,https://www.kingscountywines.com/blanc-3l-pouch-2018-vrac-25806092.html,29.99,"Quick-chill, dry vermentino. Stick it in your Igloo.",2020-03-31 12:08:37.253257,https://cdn.shoplightspeed.com/shops/603808/files/18729336/blanc-3l-pouch-2019-vrac.jpg,In stock,null
92,Rose Méditerranée 2019 Isle Saint-Pierre,https://www.kingscountywines.com/rose-mediterranee-2019-isle-saint-pierre.html,11.99,"Lean, refreshing, yet still juicy rosé of cab franc and merlot. It's time people...",2020-03-31 12:08:37.844512,https://cdn.shoplightspeed.com/shops/603808/files/18748079/rose-mediterranee-2019-isle-saint-pierre.jpg,In stock,null
93,"Soave Classico ""Otto"" 2018 Prá",https://www.kingscountywines.com/soave-classico-otto-2018-pra.html,19.99,"Succulent, round, yum. All garganega, all stainless. Yes!",2020-03-31 12:08:38.311636,https://cdn.shoplightspeed.com/shops/603808/files/18749060/soave-classico-otto-2018-pra.jpg,In stock,null
94,Albariño Rias Baixas 2019 Columna,https://www.kingscountywines.com/albarino-rias-baixas-2017-columna.html,18.99,"Saline & mineral, with peach & pear high notes. Essential.",2020-03-31 12:08:38.823160,https://cdn.shoplightspeed.com/shops/603808/files/19164536/albarino-rias-baixas-2019-columna.jpg,In stock,null
95,"Limniona ""Tyrnavos"" 2017 Zafeirakis",https://www.kingscountywines.com/limniona-tyrnavos-2017-zafeirakis.html,23.99,"Organic Greek red. Nebbiolo-ish notes of blood, tea roses. Mt. Olympus!",2020-03-31 12:08:39.435668,https://cdn.shoplightspeed.com/shops/603808/files/18748999/limniona-tyrnavos-2017-zafeirakis.jpg,In stock,null
96,Rioja 2014 Sierra de la Demanda,https://www.kingscountywines.com/sierra-de-la-demanda-rioja-2014.html,36.99,"90-year old vines!, Silk, sophisticated, garnacha forward.",2020-03-31 12:08:40.356555,https://cdn.shoplightspeed.com/shops/603808/files/18748842/rioja-2014-sierra-de-la-demanda.jpg,In stock,null
97,"Cabernet Sauvignon ""Corrupto"" 2019 Laurent",https://www.kingscountywines.com/cabernet-sauvignon-corrupto-2018-laurent-25745914.html,12.99,"Good, bold cab for a good, less bold buck. Bordeaux --> Chile.",2020-03-31 12:08:40.873728,https://cdn.shoplightspeed.com/shops/603808/files/18749279/cabernet-sauvignon-corrupto-2019-laurent.jpg,In stock,null
98,Counoise 2018 Benevolent Neglect,https://www.kingscountywines.com/counoise-2018-benevolent-neglect.html,29.99,"Juice of the gods from Bay Area, CA. Berries galore.",2020-03-31 12:08:41.455849,https://cdn.shoplightspeed.com/shops/603808/files/18749259/counoise-2018-benevolent-neglect.jpg,In stock,null
99,Truffle Hound 2017 Unico Zelo,https://www.kingscountywines.com/truffle-hound-2017-unico-zelo.html,19.99,Clare Valley nebbiolo + barbera. Eucalyptus savory meatiness. Pepperoni pizza perfect.,2020-03-31 12:08:41.700862,https://cdn.shoplightspeed.com/shops/603808/files/18749252/truffle-hound-2017-unico-zelo.jpg,In stock,null
100,Rosso Tavola 2018 Cirelli,https://www.kingscountywines.com/rosso-2018-cirelli.html,15.99,Delicious montepulciano! Why shouldn't a table wine impress?,2020-03-31 12:08:42.015258,https://cdn.shoplightspeed.com/shops/603808/files/18748116/rosso-tavola-2018-cirelli.jpg,In stock,null
101,Sauvignon Blanc 2019 Le Petit Godon,https://www.kingscountywines.com/sauvignon-blanc-2019-le-petit-godon.html,12.99,"Mineral, grapefruity sauvignon. Reads like a cheap Sancerre.",2020-03-31 12:08:42.511702,https://cdn.shoplightspeed.com/shops/603808/files/18408817/sauvignon-blanc-2019-le-petit-godon.jpg,In stock,null
102,Red Blend Monkey Jacket 2018 Cruse,https://www.kingscountywines.com/red-blend-monkey-jacket-2018-cruse.html,26.99,"Cool, umami, faintly minty valdiguié/petite sirah blend. Ennoble your takeout.",2020-03-31 12:08:43.840808,https://cdn.shoplightspeed.com/shops/603808/files/18748995/red-blend-monkey-jacket-2018-cruse.jpg,In stock,null
103,"Caluso Passito ""Sule"" 2009 375ml Orsolani",https://www.kingscountywines.com/caluso-passito-sule-2009-orsolani.html,26.99,Passito Erbaluce from Caluso's best. Apricots and honey.,2020-03-31 12:08:44.792840,https://cdn.shoplightspeed.com/shops/603808/files/16877752/caluso-passito-sule-2009-375ml-orsolani.jpg,In stock,null
104,Barolo 2015 Fletcher,https://www.kingscountywines.com/barolo-2015-fletcher.html,59.99,Serious business from a dynamic new cellar. Superb in structure and texture.,2020-03-31 12:08:45.152588,https://cdn.shoplightspeed.com/shops/603808/files/16779038/barolo-2015-fletcher.jpg,In stock,null
105,Pineau d'Aunis Touraine 2018 Courtault-Tardieux,https://www.kingscountywines.com/pineau-daunis-touraine-2018-courtault-tardieux.html,22.99,"Light-as-a-feather, fresh, peppery fun.",2020-03-31 12:08:45.579250,https://cdn.shoplightspeed.com/shops/603808/files/16779035/pineau-daunis-touraine-2018-courtault-tardieux.jpg,In stock,null
106,Riesling Fass 2 Extra Trocken 2018 Lauer,https://www.kingscountywines.com/riesling-fass-2-extra-trocken-2018-peter-lauer.html,26.99,"Superdry, ideal Mosel riesling from a cult producer. Laserbeams.",2020-03-31 12:08:47.220089,https://cdn.shoplightspeed.com/shops/603808/files/16665329/riesling-fass-2-extra-trocken-2018-peter-lauer.jpg,In stock,null
107,Torrette 2018 Grosjean,https://www.kingscountywines.com/torrette-2018-grosjean.html,21.99,Certified organic Alpine blend of native varieties. Umami-rich!,2020-03-31 12:08:47.623172,https://cdn.shoplightspeed.com/shops/603808/files/16665382/torrette-2018-grosjean.jpg,In stock,null
108,Müller 2018 Enderle & Moll,https://www.kingscountywines.com/mueller-2018-enderle-moll.html,19.99,Biodynamic cult wine from two guys in a tiny cellar. Special.,2020-03-31 12:08:47.946797,https://cdn.shoplightspeed.com/shops/603808/files/16665308/mueller-2018-enderle-moll.jpg,In stock,null
109,Tinto Rufia 2016 Quinta da Boavista*,https://www.kingscountywines.com/vinho-tinto-rufia-2016-quinta-da-boavista.html,19.99,"Portuguese rufete. Silky tannins, easy pomegranate fruit. Heroic with herb-roasted bird.",2020-03-31 12:08:48.449232,https://cdn.shoplightspeed.com/shops/603808/files/16665380/tinto-rufia-2016-quinta-da-boavista.jpg,In stock,null
110,"Plavac Mali ""Marica"" 2017 Mrgudic",https://www.kingscountywines.com/plavac-mali-marica-2017-mrgudic.html,21.99,"Delicately floral, pinot noir-like little beauty. Supernatural, ultraviolet.",2020-03-31 12:08:48.756969,https://cdn.shoplightspeed.com/shops/603808/files/16665387/plavac-mali-marica-2017-mrgudic.jpg,In stock,null
111,Prosecco Superiore Brut 1.5L Sanfeletto,https://www.kingscountywines.com/prosecco-superiore-brut-15l-sanfeletto.html,39.99,"Hints of peach, green apple. Delicious, dry. Drink big.",2020-03-31 12:08:49.676839,https://cdn.shoplightspeed.com/shops/603808/files/16665338/prosecco-superiore-brut-15l-sanfeletto.jpg,In stock,null
112,"Syrah ""Generoso"" 2019 Laurent Family",https://www.kingscountywines.com/syrah-generoso-2018-laurent-family.html,11.99,"Gutsy, delicious syrah. Pepper, game, eucalyptus.",2020-03-31 12:08:50.329543,https://cdn.shoplightspeed.com/shops/603808/files/16289480/syrah-generoso-2019-laurent-family.jpg,In stock,null
113,Chablis 1.5L 2018 Jean-Marc Brocard,https://www.kingscountywines.com/chablis-15l-2018-jean-marc-brocard.html,51.99,Chalky laserbeam Chablis is better outta mags.,2020-03-31 12:08:50.895869,https://cdn.shoplightspeed.com/shops/603808/files/16700370/chablis-15l-2018-jean-marc-brocard.jpg,In stock,null
114,C-d-P Tradition 750ml 2016 Bois de Boursan,https://www.kingscountywines.com/chateauneuf-du-pape-tradition-750ml-2016-bois-de-b.html,45.99,"All thirteen grapes! 50+ year vines, organic. The real deal.",2020-03-31 12:08:51.213638,https://cdn.shoplightspeed.com/shops/603808/files/16289937/chateauneuf-du-pape-tradition-750ml-2016-bois-de-b.jpg,In stock,null
115,Carema Classico 2015 Produttori di Carema,https://www.kingscountywines.com/carema-classico-2015-produttori-di-carema.html,25.99,"High-up nebby. Classic amber, with nuts & toffee & all that. Great.",2020-03-31 12:08:51.622085,https://cdn.shoplightspeed.com/shops/603808/files/16295611/carema-classico-2015-produttori-di-carema.jpg,In stock,null
116,Gattinara 2015 Nervi,https://www.kingscountywines.com/gattinara-2015-nervi.html,53.99,Alpine Piedmont's tiny nebbiolo zone. Silky & fine. Finishes forever.,2020-03-31 12:08:52.137724,https://cdn.shoplightspeed.com/shops/603808/files/16306030/gattinara-2015-nervi.jpg,In stock,null
117,Vacqueyras 2017 Domaine les Ondines,https://www.kingscountywines.com/vacqueyras-2017-domaine-les-ondines.html,22.99,"Shapely, curvy grenache/syrah/cinsault. Poised southern Rhône.",2020-03-31 12:08:52.645561,https://cdn.shoplightspeed.com/shops/603808/files/16305963/vacqueyras-2017-domaine-les-ondines.jpg,In stock,null
118,Chiroubles 2018 La Grosse Pierre,https://www.kingscountywines.com/chiroubles-2018-la-grosse-pierre.html,20.99,Satisfying Cru Bojo. Gobs of fruit & savory stuff. Hits the spot.,2020-03-31 12:08:53.158360,https://cdn.shoplightspeed.com/shops/603808/files/16295599/chiroubles-2018-la-grosse-pierre.jpg,In stock,"STAFF PICK!It’s hard to find a good wine to bring to dinner parties. What are the hosts cooking? What are others bringing? What wine goes with what? Do wine pairings matter at all? Lucky for you, we have the answer. Beaujolais! Beaujolais, made of the grape gamay, is a cheat code for the dinner table. We love Beaujolais and try to stock our shelves with as many as possible.This particular wine is from Chiroubles, one of the ten Crus of Beaujolais. Chiroubles has vineyards with some of the highest altitudes in Beaujolais, which gives the wine cheerful, bright acidity, perfect for most foods. The Chiroubles 2018 La Grosse Pierre also exhibits a savory, deeper profile, which is great for richer, fuller meals. Drink with a chill!––Graham VK"
119,Ravan 2013 Kabaj,https://www.kingscountywines.com/ravan-2013-kabaj.html,24.99,"Two-week skin contact. Mustard seed, fresh cream, long finish. Lovely!",2020-03-31 12:08:53.569568,https://cdn.shoplightspeed.com/shops/603808/files/19313077/ravan-2013-kabaj.jpg,In stock,null
120,Toscana Rosso 2016 3L Massoferrato,https://www.kingscountywines.com/toscana-rosso-2016-3l-massoferrato.html,32.99,"Sangiovese of your dreams, in the size of your dreams. Dream big.",2020-03-31 12:08:54.056687,https://cdn.shoplightspeed.com/shops/603808/files/16173267/toscana-rosso-2016-3l-massoferrato.jpg,In stock,"STAFF PICK!So you need a lot of wine for not so much money? Large format wine options extend beyond the bottles of magnums and jeroboams popular in the city’s hottest restaurants. If you trust your wine store (which you totally do), consider the humble bag-in-box option, an environmentally friendly marvel that keeps 3 liters of wine aka, 4 bottles, fresh for a few weeks after you open it. Specifically consider this Massoferrato Toscana which is 100% Sangiovese, the grape you know and love from Chianti. This stuff comes from Emilia-Romagna, which is a little northeast of Tuscany. It’s dry and sturdy with a nice aroma of cherry and a little savory edge. The first day you open it the wine might be a little tight, but my advice for this and all boxed wines is to decant from the box into a carafe before service. Not only does it class things up, but it gives the wine a chance to breathe a little as well. –Tammie"
121,"Gamay ""Clos du Puy"" 2017 Dom. Pothiers",https://www.kingscountywines.com/gamay-clos-du-puy-2017-domaine-des-pothiers.html,23.99,"Dreamy Loire Valley gamay. Sturdy, dense, peppery.",2020-03-31 12:08:54.528220,https://cdn.shoplightspeed.com/shops/603808/files/16076698/gamay-clos-du-puy-2017-domaine-des-pothiers.jpg,In stock,null
122,Sincronia 2018 Mesquida Mora,https://www.kingscountywines.com/sincronia-2018-mesquida-mora.html,25.99,"Thymey, cherry fun Mallorca. You can almost hear seagulls.",2020-03-31 12:08:54.951024,https://cdn.shoplightspeed.com/shops/603808/files/16014394/sincronia-2018-mesquida-mora.jpg,In stock,null
123,Garnacha Volandera 2018 La Calandria,https://www.kingscountywines.com/garnacha-volandera-2018-la-calandria.html,17.99,Strawberries and wild mountain thyme. Enjoy with almost anything.,2020-03-31 12:08:55.617880,https://cdn.shoplightspeed.com/shops/603808/files/16173472/garnacha-volandera-2018-la-calandria.jpg,In stock,"STAFF PICK!We carry many bottles of Garnacha, as well as Garnacha blends, so when we choose to bring in a new one, it really is crucial that it WOWs us. The most basic quality of this common grape is that it’s always gonna taste big and juicy. Not only does the Volandera rise to the expectation we are all looking for with that textbook Garnacha flavor, but it also soars to a whole new level of lip-smacking late-night goodness. Completely ignoring the unique design of the bottle, this deep, fruity red wine is bound to stand up and stand out during any of these (highly anticipated!) chilly October nights.–Jake"
124,Kosher Kiddush Sweet Red NV Queen Esther,https://www.kingscountywines.com/kosher-kiddush-sweet-red-nv-queen-esther.html,12.99,"Like Manischewitz, but better.",2020-03-31 12:08:56.232691,https://cdn.shoplightspeed.com/shops/603808/files/16076863/kosher-kiddush-sweet-red-nv-queen-esther.jpg,In stock,null
125,Gruner Veltliner 1L 2019 Hugl Weine,https://www.kingscountywines.com/gruner-veltliner-1l-2019-hugl-weine.html,14.99,"Don't think, just act. Dry, fresh, format fit for royalty.",2020-03-31 12:08:56.870639,https://cdn.shoplightspeed.com/shops/603808/files/19553752/gruener-veltliner-1l-2019-hugl-weine.jpg,In stock,null
126,Bourgueil 2018 Domaine du Bel Air,https://www.kingscountywines.com/bourgueil-2018-domaine-du-bel-air.html,17.99,"Gritty, mineral cabernet franc. Salty pork, graphite. Oomph.",2020-03-31 12:08:57.168350,https://cdn.shoplightspeed.com/shops/603808/files/16076657/bourgueil-2018-domaine-du-bel-air.jpg,In stock,"STAFF PICK!We are entering colder weather (in theory), it’s time to ease our way into something a little cozier… Cabernet franc from Bourgueil is a bold, often gritty and austere, wine that should compliment the soon-to-be changing foliage and brisk air. This is a wine with chutzpah, somewhat sweaty and salty, with light aromas of roasted bell pepper. While relatively dense, the wine balances its graphite-y profile with lovely tannin and acid. Would kill with any red or gamey meat, or even just alone, on your couch, with good company (oneself can also be considered good company, if not great). Enjoy.–Graham"
127,Champagne Silver Brut Nature NV Andre Clouet,https://www.kingscountywines.com/champagne-silver-brut-nv-andre-clouet.html,49.99,"Lean & clean, but biscuity. Blanc de Noirs, dosage zero.",2020-03-31 12:08:58.075801,https://cdn.shoplightspeed.com/shops/603808/files/12923649/champagne-silver-brut-nature-nv-andre-clouet.jpg,In stock,null
128,Bordeaux St-Emilion Grand Cru 2012 Lamarzelle Figeac,https://www.kingscountywines.com/bordeaux-st-emilion-2012-lamarzelle-figeac.html,49.99,Smooth old Bordeaux. Impressive.,2020-03-31 12:08:59.204302,https://cdn.shoplightspeed.com/shops/603808/files/14238953/bordeaux-st-emilion-grand-cru-2012-lamarzelle-fige.jpg,In stock,null
129,Kosher Chardonnay 2018 Backsberg,https://www.kingscountywines.com/kosher-chardonnay-2018-backsberg.html,18.99,"Lemon zest, melon, and hazelnut flavors. Kosher for Passover.",2020-03-31 12:08:59.611785,https://cdn.shoplightspeed.com/shops/603808/files/14213965/kosher-chardonnay-2018-backsberg.jpg,In stock,null
130,Cremant de Bourgogne Brut 1.5L NV Tripoz,https://www.kingscountywines.com/cremant-de-bourgogne-prestige-brut-15l-nv-tripoz.html,74.99,"Elegant, floral, large format. Make that party classy!",2020-03-31 12:08:59.916588,https://cdn.shoplightspeed.com/shops/603808/files/14243821/cremant-de-bourgogne-brut-15l-nv-tripoz.jpg,Out of stock,null
131,"CDR ""Petit Ours"" 2017 Barret",https://www.kingscountywines.com/cdr-petit-ours-2016-barret.html,23.99,"Declassified Cornas, 100% syrah. Naturally delicious.",2020-03-31 12:09:00.225646,https://cdn.shoplightspeed.com/shops/603808/files/14221791/cotes-du-rhone-petit-ours-2016-matthieu-barret.jpg,In stock,null
132,Sangiovese 2015 Massoferrato,https://www.kingscountywines.com/sangiovese-2015-massoferrato.html,19.99,"Earthy, silky, cherry-scented sangiovese from just south of Florence.",2020-03-31 12:09:00.539107,https://cdn.shoplightspeed.com/shops/603808/files/13033317/sangiovese-2015-massoferrato.jpg,In stock,null
133,"Barolo ""Pernanno"" Jeroboam 2007 Sobrero",https://www.kingscountywines.com/barolo-pernanno-jeroboam-2007-sobrero.html,359.99,null,2020-03-31 12:09:01.043833,https://cdn.shoplightspeed.com/shops/603808/files/14217215/barolo-pernanno-jeroboam-2007-sobrero.jpg,Out of stock,null
134,Morgon Les Charmes 2016 Raphael Chopin*,https://www.kingscountywines.com/morgon-les-charmes-2015-raphael-chopin.html,26.99,"Proper Morgon. Structured, round, rich. An ode to fall.",2020-03-31 12:09:01.454852,https://cdn.shoplightspeed.com/shops/603808/files/13010854/morgon-les-charmes-2016-raphael-chopin.jpg,In stock,null
135,Cabernet Sauvignon 2017 Oracle Cellars,https://www.kingscountywines.com/cabernet-sauvignon-2016-oracle-cellars.html,17.99,"Sturdy, meaty, complex Mendocino cab for all your cab needs.",2020-03-31 12:09:01.963257,https://cdn.shoplightspeed.com/shops/603808/files/13010863/cabernet-sauvignon-2017-oracle-cellars.jpg,In stock,null
136,Monastrell 2015 Castillo de Jumilla,https://www.kingscountywines.com/monastrell-2014-castillo-de-jumilla.html,9.99,"Juicy, full bodied red. Deep cherry and dark berries. Great value.",2020-03-31 12:09:02.233314,https://cdn.shoplightspeed.com/shops/603808/files/13034709/monastrell-2015-castillo-de-jumilla.jpg,In stock,null
137,Riesling Sekt Limestone 2016 Seehof,https://www.kingscountywines.com/riesling-sekt-limestone-2016-seehof.html,28.99,Love dry riesling? Also Champers? This is your thing now.,2020-03-31 12:09:03.602332,https://cdn.shoplightspeed.com/shops/603808/files/13594366/riesling-sekt-limestone-2016-seehof.jpg,In stock,null
138,Riesling 2018 Michel Nartz,https://www.kingscountywines.com/riesling-2017-michel-nartz.html,15.99,"Pleasantly peachy nose, wet stone finish. Go Nartz!",2020-03-31 12:09:04.011823,https://cdn.shoplightspeed.com/shops/603808/files/13010852/riesling-2018-michel-nartz.jpg,In stock,null
139,Albarino “Saira” 2018 Raimat,https://www.kingscountywines.com/copy-of-albarino-saira-2016-raimat.html,13.99,Briskly mineral bargain white. Sustainable! Great with sushi.,2020-03-31 12:09:04.361403,https://cdn.shoplightspeed.com/shops/603808/files/12923654/albarino-saira-2018-raimat.jpg,In stock,null
140,Falanghina Colline Teatine 2016 Di Sipio,https://www.kingscountywines.com/falanghina-colline-teatine-2016-disipio.html,18.99,"Crisp acidity, green banana & citrus aromas. Fresh. Organic.",2020-03-31 12:09:04.812957,https://cdn.shoplightspeed.com/shops/603808/files/13010860/falanghina-colline-teatine-2016-di-sipio.jpg,In stock,null
141,"Bonarda ""Serie A"" 2015 Zuccardi",https://www.kingscountywines.com/bonarda-serie-a-2016-zuccardi.html,14.99,Argentina's OTHER red grape. Smells like blueberry pie & peonies.,2020-03-31 12:09:05.239741,https://cdn.shoplightspeed.com/shops/603808/files/14039551/bonarda-serie-a-2015-zuccardi.jpg,In stock,null
142,Collio Ribolla Gialla Oslavia 2018 Fiegl,https://www.kingscountywines.com/collio-robolla-gialla-oslavia-2017-fiegl.html,24.99,"Orange ribolla. Bright acid, textured, marmaladey, awesome.",2020-03-31 12:09:05.653404,https://cdn.shoplightspeed.com/shops/603808/files/19313038/collio-ribolla-gialla-oslavia-2018-fiegl.jpg,In stock,null
143,Kosher Cabernet Sauvignon Estate Galilee 2016 Dalton,https://www.kingscountywines.com/kosher-cabernet-sauvignon-galilee-2016-dalton.html,23.99,"Elegant, complex, full-bodied red from Israel. Kosher.",2020-03-31 12:09:06.060198,https://cdn.shoplightspeed.com/shops/603808/files/13010873/kosher-cabernet-sauvignon-estate-galilee-2016-dalt.jpg,In stock,null
144,Moscato di Pavia 2018 Centorri,https://www.kingscountywines.com/moscato-di-pavia-2017-centorri.html,13.99,Sweet apricot honey orange flower fizzoink.,2020-03-31 12:09:06.572303,https://cdn.shoplightspeed.com/shops/603808/files/14221114/moscato-di-pavia-2018-centorri.jpg,In stock,null
145,Semillon Margaret River 2017 Ashbrook Estate,https://www.kingscountywines.com/semillon-margaret-river-2017-asbrook-estate.html,19.99,"Crisp, clean, cold. Herbal, with lemon curd stuff going on. Good.",2020-03-31 12:09:07.086680,https://cdn.shoplightspeed.com/shops/603808/files/14237690/semillon-margaret-river-2017-ashbrook-estate.jpg,In stock,null
146,"Pelaverga ""Basadone"" 2018 Verduno",https://www.kingscountywines.com/pelaverga-basadone-2017-verduno.html,23.99,Rare grape from Barolo. Soft & juicy; freesia & white pepper.,2020-03-31 12:09:07.493591,https://cdn.shoplightspeed.com/shops/603808/files/15879145/pelaverga-basadone-2018-verduno.jpg,In stock,null
147,Chardonnay 2018 Aslina by Ntsiki Biyela,https://www.kingscountywines.com/chardonnay-2017-aslina-by-ntsiki-biyela.html,19.99,"South African chardonnay, a year in French oak. Burgundian restraint, woman-made.",2020-03-31 12:09:07.865280,https://cdn.shoplightspeed.com/shops/603808/files/13034684/chardonnay-2018-aslina-by-ntsiki-biyela.jpg,In stock,null
148,Vin de Savoie 2018 Jean Vullien,https://www.kingscountywines.com/vin-de-savoie-2017-jean-vullien.html,14.99,"Dry jacquère from the French Alps. Jasmine, lemons, meadow.",2020-03-31 12:09:08.200122,https://cdn.shoplightspeed.com/shops/603808/files/13033283/vin-de-savoie-2018-jean-vullien.jpg,In stock,null
149,Merlot 2016 Keuka Spring,https://www.kingscountywines.com/merlot-2016-keuka-spring.html,20.99,"Clean, clear, unoaked Merlot. Fresh, lively, and so so good.",2020-03-31 12:09:08.621541,https://cdn.shoplightspeed.com/shops/603808/files/12923443/merlot-2016-keuka-spring.jpg,In stock,null
150,Anjou Blanc 2018 Domaine de Clayou,https://www.kingscountywines.com/anjou-blanc-2017-domaine-de-clayou.html,14.99,"Dry chenin. Orange flower, wintergreen, yellow plum. Yum.",2020-03-31 12:09:09.339455,https://cdn.shoplightspeed.com/shops/603808/files/14235071/anjou-blanc-2018-domaine-de-clayou.jpg,In stock,null
151,Pinot Noir 2018 Delta Vineyard,https://www.kingscountywines.com/pinot-noir-2017-delta-vineyard.html,19.99,"Bright acid, Loire valley weight. Donates to beach clean-up.",2020-03-31 12:09:10.156622,https://cdn.shoplightspeed.com/shops/603808/files/18408583/pinot-noir-2018-delta-vineyard.jpg,In stock,null
152,Chianti Classico Gran Selezione 2015 Montefili,https://www.kingscountywines.com/chianti-classico-gran-selezione-2015-montefili.html,74.99,null,2020-03-31 12:09:10.568086,https://cdn.shoplightspeed.com/shops/603808/files/17746619/chianti-classico-gran-selezione-2015-montefili.jpg,In stock,null
153,Naturalmente Frizzante Bianco 2018 Casa Belfi,https://www.kingscountywines.com/naturalmente-frizzante-bianco-2018-casa-belfi.html,24.99,"Lemon rind and texture galore! Your new refreshing, funky favorite.",2020-03-31 12:09:11.112598,https://cdn.shoplightspeed.com/shops/603808/files/17744864/naturalmente-frizzante-bianco-2018-casa-belfi.jpg,In stock,null
154,Sauvignon Blanc Pouch 1.5L Maivino,https://www.kingscountywines.com/sauvignon-blanc-pouch-15l-maivino.html,23.99,"Zippy, bright flowers and fruit. Perfect summer pouch.",2020-03-31 12:09:11.568902,https://cdn.shoplightspeed.com/shops/603808/files/18335453/sauvignon-blanc-pouch-15l-maivino.jpg,In stock,null
155,Chianti Classico 2017 Montefili,https://www.kingscountywines.com/chianti-classico-2017-montefili.html,29.99,Sensational sangiovese from sky-high vineyards above Panzano.,2020-03-31 12:09:12.004486,https://cdn.shoplightspeed.com/shops/603808/files/17744804/chianti-classico-2017-montefili.jpg,In stock,null
156,Torrontes 2019 Dos Minas,https://www.kingscountywines.com/torrontes-2019-dos-mina.html,12.99,"Bright, aromatic grapefruit. Fresh summery fun.",2020-03-31 12:09:12.264003,https://cdn.shoplightspeed.com/shops/603808/files/17744912/torrontes-2019-dos-minas.jpg,In stock,null
157,Riesling Trocken 2018 Peter Jakob Kuhn,https://www.kingscountywines.com/riesling-trocken-2018-peter-jakob-kuhn.html,25.99,"Rich, oily, smelly as hell. High elevation goodness, don't miss.",2020-03-31 12:09:12.758232,https://cdn.shoplightspeed.com/shops/603808/files/17746425/riesling-trocken-2018-peter-jakob-kuhn.jpg,In stock,null
158,Pais Viejo 2018 J. Bouchon,https://www.kingscountywines.com/pais-viejo-2018-j-bouchon.html,17.99,"Smoky, juicy. Chill me. Grapes grown on tree tops!",2020-03-31 12:09:13.233927,https://cdn.shoplightspeed.com/shops/603808/files/17744900/pais-viejo-2018-j-bouchon.jpg,In stock,null
159,Pinot Gris 2017 Eyrie Vineyards,https://www.kingscountywines.com/pinot-gris-2017-eyrie-vineyards.html,22.99,"Baking spices, lively, textured pinot gris from Dundee Hills.",2020-03-31 12:09:13.537862,https://cdn.shoplightspeed.com/shops/603808/files/17744944/pinot-gris-2017-eyrie-vineyards.jpg,In stock,null
160,Cabernet Sauvignon 2017 Pura Fe,https://www.kingscountywines.com/cabernet-sauvignon-2017-pura-fe.html,22.99,"Big, flavorful cab, by-the-book biodynamic. Long, haunting.",2020-03-31 12:09:13.792239,https://cdn.shoplightspeed.com/shops/603808/files/17642468/cabernet-sauvignon-2017-pura-fe.jpg,In stock,null
161,Rosso Umbria Un Paio 2016 Le Pianate,https://www.kingscountywines.com/rosso-umbria-un-paio-2016-le-pianate.html,16.99,"Drinkable, aromatic sagrantino blend. Earthy, plummy, cherry good times.",2020-03-31 12:09:14.140761,https://cdn.shoplightspeed.com/shops/603808/files/17746710/rosso-umbria-un-paio-2016-le-pianate.jpg,In stock,null
162,Grenache Hook 2017 Santa Cruz Mountain Vineyards,https://www.kingscountywines.com/grenache-hook-2017-santa-cruz-mountain-vineyards.html,22.99,Zippy & spicy; lush red fruit. Slays with Mexican or Indian takeout.,2020-03-31 12:09:14.416765,https://cdn.shoplightspeed.com/shops/603808/files/17597574/grenache-hook-2017-santa-cruz-mountain-vineyards.jpg,In stock,null
163,Brut Método Tradicional 2016 Cave Geisse,https://www.kingscountywines.com/brut-metodo-tradicional-2016-cave-geisse.html,25.99,"High-elevation, volcanic chard & PN from Brazil. Toasty, almondy, really good.",2020-03-31 12:09:14.870284,https://cdn.shoplightspeed.com/shops/603808/files/17651597/brut-metodo-tradicional-2016-cave-geisse.jpg,In stock,null
164,Muscadet Sèvre-et-Maine 2018 Batard Langelier,https://www.kingscountywines.com/muscadet-sevre-et-maine-2018-batard-langelier.html,15.99,"Bone-dry, citrusy, flinty, waxy-textured quencher. Biodynamic. Oysters.",2020-03-31 12:09:15.114269,https://cdn.shoplightspeed.com/shops/603808/files/17597556/muscadet-sevre-et-maine-2018-batard-langelier.jpg,In stock,null
165,Menetou-Salon Blanc 2018 Philippe Gilbert,https://www.kingscountywines.com/menetou-salon-blanc-2018-philippe-gilbert.html,21.99,"Creamy, lemony sauvignon blanc. Natural, soft, charming.",2020-03-31 12:09:15.401654,https://cdn.shoplightspeed.com/shops/603808/files/17597554/menetou-salon-blanc-2018-philippe-gilbert.jpg,In stock,null
166,Graševina 2017 Enjingi,https://www.kingscountywines.com/grasevina-2017-enjingi.html,17.99,"Ambient-ferment welschriesling. Dry, with some chamomile notes. Wow.",2020-03-31 12:09:15.650587,https://cdn.shoplightspeed.com/shops/603808/files/17460944/grasevina-2017-enjingi.jpg,In stock,null
167,"Malvasia ""Bela"" 2014 Rodica",https://www.kingscountywines.com/malvasia-bela-2014-rodica.html,26.99,"Champagne meets pet-nat! Orange, cheerful, beguiling. Buy it.",2020-03-31 12:09:16.197005,https://cdn.shoplightspeed.com/shops/603808/files/17460958/malvasia-bela-2014-rodica.jpg,In stock,null
168,Syrah 2017 Villard,https://www.kingscountywines.com/syrah-2017-villard.html,17.99,"Cool-climate, sustainable syrah. Eucalyptusy blueberry juice.",2020-03-31 12:09:16.507612,https://cdn.shoplightspeed.com/shops/603808/files/17437042/syrah-2017-villard.jpg,In stock,null
169,Larkan Red 375mL 2017 Larkin,https://www.kingscountywines.com/larkan-red-375ml-2017-larkin.html,13.99,Put a little Napa red blend in your can.,2020-03-31 12:09:17.379270,https://cdn.shoplightspeed.com/shops/603808/files/17597247/larkan-red-375ml-2017-larkin.jpg,In stock,null
170,Champagne Brut 375mL NV Montaudon,https://www.kingscountywines.com/champagne-brut-375ml-nv-montaudon.html,23.99,"You're a winner, baby.",2020-03-31 12:09:17.942551,https://cdn.shoplightspeed.com/shops/603808/files/17597090/champagne-brut-375ml-nv-montaudon.jpg,In stock,null
171,Brut Rosé NV Billecarte-Salmon,https://www.kingscountywines.com/billecarte-salmon-nv-brut-rose.html,78.99,Legendary.,2020-03-31 12:09:18.352818,https://cdn.shoplightspeed.com/shops/603808/files/17597063/brut-rose-nv-billecarte-salmon.jpg,In stock,null
172,Beaujolais-Villages Le Bouteau 2016 Granger,https://www.kingscountywines.com/beaujolais-villages-le-bouteau-2016-granger.html,15.99,"Bright, fresh fun. Chill it, then chill out.",2020-03-31 12:09:18.861776,https://cdn.shoplightspeed.com/shops/603808/files/17597052/beaujolais-villages-le-bouteau-2016-granger.jpg,In stock,null
173,Malbec-Syrah Perlita 2017 DiamAndes,https://www.kingscountywines.com/malbec-syrah-perlita-2017-bodega-diamandes.html,13.99,null,2020-03-31 12:09:20.985017,https://cdn.shoplightspeed.com/shops/603808/files/17597156/malbec-syrah-perlita-2017-diamandes.jpg,In stock,"Ripe fruit, soft, rich tannins. Easy grab."
174,Bobal 2018 La Traca,https://www.kingscountywines.com/bobal-2018-la-traca.html,11.99,"Peppery, plummy, yummy. Your lil' paella buddy!",2020-03-31 12:09:21.523723,https://cdn.shoplightspeed.com/shops/603808/files/17651683/bobal-2018-la-traca.jpg,In stock,null
175,"Albariño ""Rorick Heritage"" 2018 Etxea",https://www.kingscountywines.com/albarino-rorick-heritage-2018-etxea.html,33.99,"Fresh, zippy, mineral. Shows some refreshing pear, bone dry.",2020-03-31 12:09:22.447665,https://cdn.shoplightspeed.com/shops/603808/files/16076641/albarino-rorick-heritage-2018-etxea.jpg,In stock,null
176,Zinfandel 2017 The People's Wine Co.,https://www.kingscountywines.com/zinfandel-2017-the-peoples-wine-co.html,12.99,"Big textbook zin. Winery proceeds go to legal charities, so drink up.",2020-03-31 12:09:22.955762,https://cdn.shoplightspeed.com/shops/603808/files/15878472/zinfandel-2017-the-peoples-wine-co.jpg,In stock,null
177,Chassagne-Montrachet Rouge VV 2015 Pillot,https://www.kingscountywines.com/chassagne-montrachet-rouge-2015-pillot.html,39.99,"Soy sauce, bay leaf, lilac. Friendly, approachable, real fancy.",2020-03-31 12:09:23.471518,https://cdn.shoplightspeed.com/shops/603808/files/16289598/chassagne-montrachet-rouge-mes-vieilles-vignes-201.jpg,In stock,null
178,Greco Mastro 2017 Mastroberardino*,https://www.kingscountywines.com/greco-mastro-2017-mastroberardino.html,13.99,"Lean, refreshing, white cherry & meringue-scented pounder.",2020-03-31 12:09:23.774625,https://cdn.shoplightspeed.com/shops/603808/files/15948831/greco-mastro-2017-mastroberardino.jpg,In stock,null
179,Brut NV 187ml François Montand,https://www.kingscountywines.com/brut-nv-187ml-francois-montand.html,5.99,What a fun little cutie.,2020-03-31 12:09:24.030235,https://cdn.shoplightspeed.com/shops/603808/files/15948900/brut-nv-187ml-francois-montand.jpg,In stock,null
180,"Côte-Rôtie ""Les Rochains"" 2015 Patrick et Bonnefond",https://www.kingscountywines.com/cote-rotie-les-rochains-2016-patrick-et-bonnefond.html,71.99,"Determined syrah, shows generous fruit. Sees some new oak (20%). Outstanding.",2020-03-31 12:09:24.321861,https://cdn.shoplightspeed.com/shops/603808/files/16076679/cote-rotie-les-rochains-2015-patrick-et-bonnefond.jpg,In stock,null
181,Moro 2016 Marco Carpineti,https://www.kingscountywines.com/moro-2016-marco-carpineti.html,23.99,"Grecos giallo + moro. Fruit Stripe gum, parsley. Fascinating.",2020-03-31 12:09:24.720900,https://cdn.shoplightspeed.com/shops/603808/files/19313050/moro-2016-marco-carpineti.jpg,In stock,null
182,Pencopolitano 2017 Pedro Parra*,https://www.kingscountywines.com/pencopolitano-2017-pedro-parra.html,21.99,Pacific-coastal blend of Cinsault and Paìs. Chile's answer to Beaujolais.  Delicious!,2020-03-31 12:09:26.233984,https://cdn.shoplightspeed.com/shops/603808/files/15887608/pencopolitano-2017-pedro-parra-y-familia.jpg,In stock,null
183,Bouzeron Aligoté 2017 Julien Cruchandeau,https://www.kingscountywines.com/bouzeron-aligote-2017-julien-cruchandeau.html,23.99,"Gorgeous, saline aligoté, finishes long & delicate. Having salmon?",2020-03-31 12:09:26.647073,https://cdn.shoplightspeed.com/shops/603808/files/15878986/bouzeron-aligote-2017-julien-cruchandeau.jpg,In stock,null
184,Verdejo 2018 Vega de Tera,https://www.kingscountywines.com/tempranillo-2018-vega-de-tera.html,13.99,"Tangy, saline, brisk. Freshen up, drink with fish, or friends.",2020-03-31 12:09:27.054509,https://cdn.shoplightspeed.com/shops/603808/files/16289543/verdejo-2018-vega-de-tera.jpg,In stock,null
185,Sauvignon Blanc 2016 Pied à Terre,https://www.kingscountywines.com/sauvignon-blanc-2016-pied-a-terre.html,23.99,"From Sonoma, smells of muddled mint and tomato leaf.",2020-03-31 12:09:27.568517,https://cdn.shoplightspeed.com/shops/603808/files/15878385/sauvignon-blanc-2016-pied-a-terre.jpg,In stock,null
186,Chardonnay 2017 Kumeu Village,https://www.kingscountywines.com/chardonnay-village-2017-kumeu-river.html,23.99,"Bright acidity, lush, savory. If Burgundy was made in Auckland.",2020-03-31 12:09:27.873460,https://cdn.shoplightspeed.com/shops/603808/files/15862182/chardonnay-2017-kumeu-village.jpg,In stock,null
187,Jacquère Cuvée Baujues 2016 St. Germain,https://www.kingscountywines.com/jacquere-cuvee-des-baujues-2016-saint-germain.html,19.99,null,2020-03-31 12:09:28.383390,https://cdn.shoplightspeed.com/shops/603808/files/15360434/jacquere-cuvee-des-baujues-2016-domaine-st-germain.jpg,In stock,null
188,Chardonnay 2018 L'Agnostique,https://www.kingscountywines.com/chardonnay-2018-lagnostique.html,12.99,"Oak-free! Clean, buxom aperitivo chardonnay.",2020-03-31 12:09:29.309668,https://cdn.shoplightspeed.com/shops/603808/files/16015032/chardonnay-2018-lagnostique.jpg,In stock,null
189,Gavi 2018 Il Poggio di Gavi,https://www.kingscountywines.com/gavi-2018-il-poggio-di-gavi.html,16.99,"Natural, lady-made, super-low SO2 Gavi. Mineral, yet plump. Great.",2020-03-31 12:09:29.601363,https://cdn.shoplightspeed.com/shops/603808/files/15149059/gavi-2018-il-poggio-di-gavi.jpg,In stock,null
190,Sauvignon Blanc 2018 Oops Wines,https://www.kingscountywines.com/sauvignon-blanc-2018-oops-wines.html,9.99,"As in ""oops, is it all gone?"" Crisp, fruity fun.",2020-03-31 12:09:30.127439,https://cdn.shoplightspeed.com/shops/603808/files/15099746/sauvignon-blanc-2018-oops-wines.jpg,In stock,null
191,Tai Rosso 2018 Rezzadore,https://www.kingscountywines.com/tai-rosso-2018-rezzadore.html,16.99,"Italian grenache. Light, chillable, fresh, strawberry jammy. Beach bonfire.",2020-03-31 12:09:30.578565,https://cdn.shoplightspeed.com/shops/603808/files/15099766/tai-rosso-2018-rezzadore.jpg,In stock,null
192,Pinot Gris 2018 Friedrich Becker,https://www.kingscountywines.com/pinot-gris-2017-friedrich-becker.html,21.99,"Slightly orange, very charming Pinot Gris. Delicate, yet succulent.",2020-03-31 12:09:31.051243,https://cdn.shoplightspeed.com/shops/603808/files/15099770/pinot-gris-2018-friedrich-becker.jpg,In stock,null
193,Riesling Kabinett Morstein 2018 Seehof,https://www.kingscountywines.com/riesling-kabinett-morstein-2018-seehof.html,19.99,"Fragrant, slightly off-dry, brilliantly acidic dazzler. Quintessential.",2020-03-31 12:09:31.561143,https://cdn.shoplightspeed.com/shops/603808/files/15099889/riesling-kabinett-morstein-2018-seehof.jpg,In stock,null
194,Weissburgunder 1L 2018 Brand,https://www.kingscountywines.com/weissburgunder-1l-2018-brand.html,16.99,"Dry, luscious LITER pinot blanc from the Pfalz. Organic.",2020-03-31 12:09:32.072817,https://cdn.shoplightspeed.com/shops/603808/files/15099943/weissburgunder-1l-2018-brand.jpg,In stock,null
195,Bugey Cerdon Rosé Demi-Sec NV Dentelle,https://www.kingscountywines.com/bugey-cerdon-rose-demi-sec-nv-dentelle.html,22.99,Off-dry sparkler of old-vine gamay/poulsard. Maple and scuppernong! Quite gulpable.,2020-03-31 12:09:32.438871,https://cdn.shoplightspeed.com/shops/603808/files/17199618/bugey-cerdon-rose-demi-sec-nv-dentelle.jpg,In stock,null
196,Chablis Bienommée 2017 Poitout,https://www.kingscountywines.com/chablis-bienommee-2017-poitout.html,24.99,"Briskly mineral. Like licking a chalkboard. Fresh, clean, exciting.",2020-03-31 12:09:32.891827,https://cdn.shoplightspeed.com/shops/603808/files/14967437/chablis-bienommee-2017-poitout.jpg,In stock,null
197,Vino Tinto 2017 Traslapiedra,https://www.kingscountywines.com/vino-tinto-2017-traslapiedra.html,21.99,"Malbec/cab/merlot blend. Juicy fun. Natural, different Argentina.",2020-03-31 12:09:33.259886,https://cdn.shoplightspeed.com/shops/603808/files/15360469/vino-tinto-2017-traslapiedra.jpg,In stock,null
198,Pinotage 2017 Lammershoek,https://www.kingscountywines.com/pinotage-2017-lammershoek.html,16.99,"Not-too-heavy pinotage. Light on its feet, plenty of blackberry, a little smoky.",2020-03-31 12:09:33.524364,https://cdn.shoplightspeed.com/shops/603808/files/17093667/pinotage-2017-lammershoek.jpg,In stock,null
199,Barbaste 2018 Mas Des Agrunelles,https://www.kingscountywines.com/barbaste-2018-mas-des-agrunelles.html,25.99,"High elevation chardonnay + friends. Minerally, fresh pear. Killer.",2020-03-31 12:09:34.279185,https://cdn.shoplightspeed.com/shops/603808/files/14439270/barbaste-2018-mas-des-agrunelles.jpg,In stock,null
200,Pinot Grigio 2018 Il Tasso,https://www.kingscountywines.com/pinot-grigio-2018-il-tasso.html,14.99,"Fuller bodied than the house wine, but still refreshing!",2020-03-31 12:09:34.554282,https://cdn.shoplightspeed.com/shops/603808/files/14395135/pinot-grigio-2018-il-tasso.jpg,In stock,null
201,Sancerre 2018 Cherrier,https://www.kingscountywines.com/sancerre-2018-cherrier.html,23.99,Flinty mineral refreshment with a dollop of tropical fruit for roundness.,2020-03-31 12:09:34.932826,https://cdn.shoplightspeed.com/shops/603808/files/14234243/sancerre-2018-cherrier.jpg,In stock,null
202,Assyrtiko Santorini 2018 Santo,https://www.kingscountywines.com/assyrtiko-santorini-2018-santo.html,23.99,"Minerally AF, with earthiness and a tight acidity. Chablis blushes.",2020-03-31 12:09:35.412572,https://cdn.shoplightspeed.com/shops/603808/files/14187416/assyrtiko-santorini-2018-santo.jpg,In stock,null
203,Pinot Blanc 2018 Lieb,https://www.kingscountywines.com/pinot-blanc-2018-lieb.html,18.99,"Intensely mineral, laserbeam white from Long Island. Fresh.",2020-03-31 12:09:35.859910,https://cdn.shoplightspeed.com/shops/603808/files/18315378/pinot-blanc-2018-lieb.jpg,In stock,null
204,Silvaner 2018 Zehnthof Luckert,https://www.kingscountywines.com/copy-of-sylvaner-2017-zehnthof-luckert.html,19.99,null,2020-03-31 12:09:36.167229,https://cdn.shoplightspeed.com/shops/603808/files/14207656/silvaner-2018-zehnthof-luckert.jpg,In stock,null
205,Reserve della Contessa 2017 Manincor,https://www.kingscountywines.com/reserve-della-contessa-2017-manincor.html,25.99,From Alto Adige. Pitch perfect & crystal clear alpine white.,2020-03-31 12:09:36.446493,https://cdn.shoplightspeed.com/shops/603808/files/14088179/reserve-della-contessa-2017-manincor.jpg,In stock,null
206,Vinos de Montaña 2017 Peninsula Vinicultores,https://www.kingscountywines.com/vinos-de-montana-2017-peninsula-vinicultores.html,17.99,"Natural field blend from Madrid. Cocoa, tangerine fantasy. Wicked drinkable.",2020-03-31 12:09:37.505107,https://cdn.shoplightspeed.com/shops/603808/files/19313042/vinos-de-montana-2017-peninsula-vinicultores.jpg,In stock,null
207,Côtes de Gascogne 2018 La Teuf,https://www.kingscountywines.com/cotes-de-gascogne-2018-la-teuf.html,13.99,"Fresh, juicy, aromatic white from the South of France. Summertime.",2020-03-31 12:09:38.114823,https://cdn.shoplightspeed.com/shops/603808/files/16015150/cotes-de-gascogne-2018-la-teuf.jpg,In stock,null
208,Riesling 1000L 2018 Julian Haart,https://www.kingscountywines.com/riesling-1000l-2018-julian-haart.html,22.99,"Precise, fuder-fermented dry riesling from a wizard Mosel producer.",2020-03-31 12:09:38.628203,https://cdn.shoplightspeed.com/shops/603808/files/14199012/riesling-1000l-2018-julian-haart.jpg,In stock,null
209,Chardonnay 2017 Nathan K.,https://www.kingscountywines.com/chardonnay-2017-nathan-k.html,28.99,"Dazzlingly Burgundian, savory & complex chard from WNY. Great.",2020-03-31 12:09:39.035816,https://cdn.shoplightspeed.com/shops/603808/files/14189104/chardonnay-2017-nathan-k.jpg,In stock,null
210,Toro Tinto Matsu 2018 El Picaro,https://www.kingscountywines.com/toro-tinto-matsu-2018-el-picaro.html,12.99,80-year-old vines tempranillo. Biodynamic. All your tempranillo expectations.,2020-03-31 12:09:40.058388,https://cdn.shoplightspeed.com/shops/603808/files/14213376/toro-tinto-matsu-2018-el-picaro.jpg,In stock,null
211,Riesling 1L 2018 Das Trocken*,https://www.kingscountywines.com/riesling-1l-2018-das-trocken.html,14.99,"Good, reliable dry riesling in a size suitable for royalty.",2020-03-31 12:09:40.878470,https://cdn.shoplightspeed.com/shops/603808/files/14199009/riesling-1l-2018-das-trocken.jpg,In stock,null
212,Pinot Noir Practically 2017 Tincan*,https://www.kingscountywines.com/pinot-noir-practically-2017-tincan.html,31.99,"Zesty, white-pepper-tinged, very elegant PN. All natural, natch.",2020-03-31 12:09:41.288107,https://cdn.shoplightspeed.com/shops/603808/files/13704829/pinot-noir-practically-2017-tincan.jpg,In stock,null
213,Vinho Verde Rosé 2018 Lago,https://www.kingscountywines.com/vinho-verde-rose-2018-lago.html,11.99,"Family-run estate. Cheap, dry refreshment you can feel good about.",2020-03-31 12:09:41.673379,https://cdn.shoplightspeed.com/shops/603808/files/14088149/vinho-verde-rose-2018-lago.jpg,In stock,null
214,Valdiguié 2017 Folk Machine,https://www.kingscountywines.com/valdiguie-2017-folk-machine.html,25.99,"Gamay-ish, very plush. Oddly great with a bacon egg & cheese.",2020-03-31 12:09:42.083881,https://cdn.shoplightspeed.com/shops/603808/files/15360196/valdiguie-2017-folk-machine.jpg,In stock,null
215,La Côte Le Morget 2017 Henri Cruchon,https://www.kingscountywines.com/la-cote-le-morget-2016-domaine-henri-cruch.html,19.99,"Chasselas vines overlooking Lake Geneva. Rich, pure, focused. Excellent.",2020-03-31 12:09:42.460862,https://cdn.shoplightspeed.com/shops/603808/files/13704872/la-cote-le-morget-2017-henri-cruchon.jpg,In stock,null
216,Uivo Douro Riserva Branco 2017 Velhas*,https://www.kingscountywines.com/douro-riserva-branco-2017-velhas.html,18.99,"Big, gutsy white. Some barrel age, yet still agile and pretty.",2020-03-31 12:09:42.781457,https://cdn.shoplightspeed.com/shops/603808/files/13704780/uivo-douro-riserva-branco-2017-velhas.jpg,In stock,null
217,Erbaluce di Caluso “Al Bacio” 2018 Orsolani,https://www.kingscountywines.com/erbaluce-di-caluso-al-bacio-2018-orsolani.html,17.99,Mouthwatering acidity and grass-and-melon perfume.,2020-03-31 12:09:43.054014,https://cdn.shoplightspeed.com/shops/603808/files/14189408/erbaluce-di-caluso-al-bacio-2018-orsolani.jpg,In stock,null
218,Bordeaux Supérieur Pur Merlot 2015 Mingot,https://www.kingscountywines.com/bordeaux-superieur-pur-merlot-2015-mingot.html,19.99,"Soft, supple 100% merlot. Richly textured, inviting. Natural.",2020-03-31 12:09:45.488008,https://cdn.shoplightspeed.com/shops/603808/files/13594317/bordeaux-superieur-pur-merlot-2015-mingot.jpg,In stock,null
219,"Verdicchio ""Albiano"" 2018 Marotti Campi",https://www.kingscountywines.com/verdicchio-albiano-2018-marotti-campi.html,12.99,"Crisp, flinty white from Italy's Adriatic coast. Chug it.",2020-03-31 12:09:46.309327,https://cdn.shoplightspeed.com/shops/603808/files/14213383/verdicchio-albiano-2018-marotti-campi.jpg,In stock,null
220,Prosecco Fagher NV 375mL Le Colture,https://www.kingscountywines.com/prosecco-di-valdobbiadene-nv-375ml-le-colture.html,12.99,Celebrate something minor.,2020-03-31 12:09:46.818014,https://cdn.shoplightspeed.com/shops/603808/files/13613492/prosecco-fagher-nv-375ml-le-colture.jpg,In stock,null
221,Mâcon-Serrières Rouge 2018 La Greffière,https://www.kingscountywines.com/macon-serrieres-rouge-2018-la-greffiere.html,14.99,Excellent gamay from limestone soils. Gulp it up.,2020-03-31 12:09:47.229649,https://cdn.shoplightspeed.com/shops/603808/files/14222025/macon-serrieres-rouge-2018-la-greffiere.jpg,In stock,null
222,Rkatsiteli 2016 Giuaani,https://www.kingscountywines.com/rkatsiteli-2016-giuaani.html,13.99,"Georgian specialty. Roasted fennel, pear; a savory, long finish. Wow.",2020-03-31 12:09:47.662893,https://cdn.shoplightspeed.com/shops/603808/files/13515938/rkatsiteli-2016-giuaani.jpg,In stock,null
223,"Chenin Blanc ""First Light"" 2018 Remhoogte",https://www.kingscountywines.com/chenin-blanc-first-light-2018-remhoogte.html,15.99,null,2020-03-31 12:09:48.301542,https://cdn.shoplightspeed.com/shops/603808/files/16289186/chenin-blanc-first-light-2018-remhoogte.jpg,In stock,null
224,Graves La Raison 2010 Chateau des Fougères,https://www.kingscountywines.com/graves-rouge-2010-chateau-des-fougeres.html,27.99,Cab-driven left-bank Bordeaux. Woman-made. Pretty amazing.,2020-03-31 12:09:49.728057,https://cdn.shoplightspeed.com/shops/603808/files/12896667/graves-la-raison-2010-chateau-des-fougeres.jpg,In stock,null
225,Primo Segno 2015 Villa Venti,https://www.kingscountywines.com/primo-segno-2015-villa-venti.html,25.99,"Ocean-breeze nosed, elegant sangiovese from not-Tuscany.",2020-03-31 12:09:49.981585,https://cdn.shoplightspeed.com/shops/603808/files/15878384/primo-segno-2015-villa-venti.jpg,In stock,null
226,G de Guiraud 2016 Château Guiraud,https://www.kingscountywines.com/g-de-guiraud-2016-chateau-guiraud.html,20.99,"Bordeaux blanc, big on semillon. Textured, lush, dry.",2020-03-31 12:09:50.437006,https://cdn.shoplightspeed.com/shops/603808/files/14187858/g-de-guiraud-2016-chateau-guiraud.jpg,In stock,null
227,Paleokerisio 500ml 2018 Glinavos,https://www.kingscountywines.com/paleokorisio-500ml-2016-glinavos.html,14.99,"Pop-top, sparkly orange wine from Greece's northwest. Super fun.",2020-03-31 12:09:50.698924,https://cdn.shoplightspeed.com/shops/603808/files/12923665/paleokerisio-500ml-2018-glinavos.jpg,In stock,null
228,Chardonnay 2018 Strangeways,https://www.kingscountywines.com/strangeways-2016-chardonnay.html,13.99,"Oaky, buttery chardonnay, sustainably farmed.  Have a good book club.",2020-03-31 12:09:51.167932,https://cdn.shoplightspeed.com/shops/603808/files/13611187/chardonnay-2018-strangeways.jpg,In stock,null
229,Cabernet Sauvignon 2016 Grapesmith & Crusher,https://www.kingscountywines.com/cabernet-sauvignon-2015-grapesmith-crusher.html,16.99,"Deep, cassis-y cabernet.",2020-03-31 12:09:51.632620,https://cdn.shoplightspeed.com/shops/603808/files/13605327/cabernet-sauvignon-2016-grapesmith-crusher.jpg,In stock,null
230,Cava Brut Nature NV Camps d'Estels,https://www.kingscountywines.com/cava-brut-nature-nv-camps-destels.html,12.99,"Bone-dry, refreshing cava at a nice price.  Party on.",2020-03-31 12:09:52.347628,https://cdn.shoplightspeed.com/shops/603808/files/13588306/cava-brut-nature-nv-camps-destels.jpg,In stock,null
231,Syrah 2016 Noble Hill,https://www.kingscountywines.com/syrah-2016-noble-hill.html,17.99,"Peppery, pure syrah from an organic producer.  Varietally correct!  And delicious!",2020-03-31 12:09:52.859469,https://cdn.shoplightspeed.com/shops/603808/files/13611092/syrah-2016-noble-hill.jpg,In stock,null
232,Bordeaux Blend NV Rosemont of Virginia,https://www.kingscountywines.com/bordeaux-blend-nv-rosemont-of-virginia.html,14.99,"Shockingly sophisticated, elegant, roasty sipper. Virginia is for lovers.",2020-03-31 12:09:53.371866,https://cdn.shoplightspeed.com/shops/603808/files/14242600/bordeaux-blend-nv-rosemont-of-virginia.jpg,In stock,null
233,Refosco 2017 Redentore,https://www.kingscountywines.com/refosco-2016-redentore.html,18.99,"Deeply tea-y, chocolate-scented native grape. No SO2.",2020-03-31 12:09:53.626467,https://cdn.shoplightspeed.com/shops/603808/files/13614107/refosco-2017-redentore.jpg,In stock,null
234,Merlot 2017 Je Déteste Merlot,https://www.kingscountywines.com/merlot-2016-je-deteste-merlot.html,12.99,Sumptuous merlot for a song. Merlot is in. Drink the merlot.,2020-03-31 12:09:54.498945,https://cdn.shoplightspeed.com/shops/603808/files/14039236/merlot-2017-je-deteste-merlot.jpg,In stock,null
235,Merlot  Alexander Valley 2017 Taft Street Winery,https://www.kingscountywines.com/merlot-alexander-valley-2017-taft-street-winery.html,18.99,"Cooler-climate, Bordeaux-reminiscent, buxom beauty. Natural ferment.",2020-03-31 12:09:55.011410,https://cdn.shoplightspeed.com/shops/603808/files/13034700/merlot-alexander-valley-2017-taft-street-winery.jpg,In stock,null
236,Riesling GG Uhlen R 2014 Heymann-Lowenstein,https://www.kingscountywines.com/riesling-gg-uhlen-r-2014-heymann-lowenstein.html,81.99,null,2020-03-31 12:09:55.419579,https://cdn.shoplightspeed.com/shops/603808/files/13611275/riesling-gg-uhlen-r-2014-heymann-lowenstein.jpg,Out of stock,null
237,Barolo Brea 2013 Brovia,https://www.kingscountywines.com/barolo-brea-2013-brovia.html,89.99,null,2020-03-31 12:09:55.831022,https://cdn.shoplightspeed.com/shops/603808/files/13595634/barolo-brea-2013-brovia.jpg,Out of stock,null
238,Vinò Sweet Red NV Cantina Gabriele,https://www.kingscountywines.com/kosher-vini-sweet-red-nv-cantina-gabriele.html,11.99,Sweet red from the eternal city.,2020-03-31 12:09:56.340959,https://cdn.shoplightspeed.com/shops/603808/files/14221646/vino-sweet-red-nv-cantina-gabriele.jpg,In stock,null
239,Sciaccarelu '1769' 2015 Clos Venturi,https://www.kingscountywines.com/sciaccarelu-1769-2015-clos-venturi.html,24.99,Native grape with pinot-noir tendencies. Biodynamic.,2020-03-31 12:09:56.651139,https://cdn.shoplightspeed.com/shops/603808/files/14235494/sciaccarelu-1769-2015-clos-venturi.jpg,In stock,null
240,Riesling 2017 Red Newt,https://www.kingscountywines.com/circle-riesling-2017-red-newt.html,12.99,"A local, amabile off-dry Riesling. Great for small game birds ;)",2020-03-31 12:09:57.369081,https://cdn.shoplightspeed.com/shops/603808/files/14256287/riesling-2017-red-newt.jpg,In stock,null
241,Gewurtztraminer 2017 Fritz Windisch,https://www.kingscountywines.com/gewurtztraminer-2015-fritz-windisch.html,12.99,"Semi-sweet, spicy gewurtz with a hefty German pedigree.",2020-03-31 12:09:58.325965,https://cdn.shoplightspeed.com/shops/603808/files/13606297/gewurtztraminer-2017-fritz-windisch.jpg,In stock,null
242,Pinot Grigio 1.5L 2018 Bella Vita,https://www.kingscountywines.com/pinot-grigio-15l-2018-bella-vita.html,17.99,"Party on, Garth.",2020-03-31 12:09:58.650932,https://cdn.shoplightspeed.com/shops/603808/files/14213765/pinot-grigio-15l-2018-bella-vita.jpg,In stock,null
243,Sauvignon Blanc 2019 Tablelands,https://www.kingscountywines.com/sauvignon-blanc-2019-tablelands.html,14.99,All the grassy gooseberry grapefruit you can gulp.,2020-03-31 12:09:59.068415,https://cdn.shoplightspeed.com/shops/603808/files/13611451/sauvignon-blanc-2019-tablelands.jpg,In stock,null
244,Costers del Segre Blanco 2017 Petit Sios,https://www.kingscountywines.com/costers-del-segre-blanco-2016-petit-sios.html,14.99,"Toasty, fresh, dry Catalan viognier blend. Organic, sustainable, really good.",2020-03-31 12:09:59.515239,https://cdn.shoplightspeed.com/shops/603808/files/13613751/costers-del-segre-blanco-2017-petit-sios.jpg,In stock,null
245,Pinot Blanc 2018 Emile Beyer,https://www.kingscountywines.com/pinot-blanc-2017-emile-beyer.html,18.99,"Chamomile aromas and a nice, brisk acidity.  Ideal!",2020-03-31 12:09:59.809359,https://cdn.shoplightspeed.com/shops/603808/files/14197434/pinot-blanc-2018-emile-beyer.jpg,In stock,null
246,Montepulciano 1.5L 2018 Bella Vita,https://www.kingscountywines.com/montepulciano-15l-2017-bella-vita.html,17.99,"Party on, Wayne.",2020-03-31 12:10:00.254022,https://cdn.shoplightspeed.com/shops/603808/files/14213756/montepulciano-15l-2018-bella-vita.jpg,In stock,null
